{
  "ridge": {
    "pm25_24h_mae": 0.4264969527721405,
    "pm25_24h_rmse": 0.6434933715692338,
    "pm25_24h_r2": 0.6278988122940063,
    "pm25_48h_mae": 0.48020657896995544,
    "pm25_48h_rmse": 0.7027571669694509,
    "pm25_48h_r2": 0.5546208620071411,
    "pm25_72h_mae": 0.5163764953613281,
    "pm25_72h_rmse": 0.7440225502513972,
    "pm25_72h_r2": 0.493089497089386,
    "no2_24h_mae": 0.43453851342201233,
    "no2_24h_rmse": 0.6727973683627253,
    "no2_24h_r2": 0.6757422089576721,
    "no2_48h_mae": 0.5030449628829956,
    "no2_48h_rmse": 0.7624874051414013,
    "no2_48h_r2": 0.576002836227417,
    "no2_72h_mae": 0.5384812355041504,
    "no2_72h_rmse": 0.8028421074444083,
    "no2_72h_r2": 0.518050491809845,
    "pm25_avg_mae": 0.4743600090344747,
    "no2_avg_mae": 0.4920215706030528,
    "overall_mae": 0.48319078981876373,
    "overall_rmse": 0.721399994956436
  },
  "xgboost": {
    "pm25_24h_mae": 0.4216572344303131,
    "pm25_24h_rmse": 0.642917972195829,
    "pm25_24h_r2": 0.6285640001296997,
    "pm25_48h_mae": 0.4933519959449768,
    "pm25_48h_rmse": 0.7368462962868538,
    "pm25_48h_r2": 0.510364294052124,
    "pm25_72h_mae": 0.5398792624473572,
    "pm25_72h_rmse": 0.7995655787651778,
    "pm25_72h_r2": 0.41458040475845337,
    "no2_24h_mae": 0.42935851216316223,
    "no2_24h_rmse": 0.6999887882765301,
    "no2_24h_r2": 0.6490025520324707,
    "no2_48h_mae": 0.5165321826934814,
    "no2_48h_rmse": 0.823699606886577,
    "no2_48h_r2": 0.5051935911178589,
    "no2_72h_mae": 0.5770936608314514,
    "no2_72h_rmse": 0.8988521448380021,
    "no2_72h_r2": 0.395887553691864,
    "pm25_avg_mae": 0.4849628309408824,
    "no2_avg_mae": 0.5076614518960317,
    "overall_mae": 0.49631214141845703,
    "overall_rmse": 0.7669783978748284
  }
}