{
  "persistence": {
    "pm25_24_mae": 0.45378178358078003,
    "pm25_24_rmse": 0.7239835355108961,
    "pm25_24_r2": 0.5285429954528809,
    "pm25_48_mae": 0.5365130305290222,
    "pm25_48_rmse": 0.8249514608842716,
    "pm25_48_r2": 0.38573259115219116,
    "pm25_72_mae": 0.5910211205482483,
    "pm25_72_rmse": 0.8800585843222566,
    "pm25_72_r2": 0.2923815846443176,
    "no2_24_mae": 0.4309052526950836,
    "no2_24_rmse": 0.7443547378844342,
    "no2_24_r2": 0.6040975451469421,
    "no2_48_mae": 0.5029290318489075,
    "no2_48_rmse": 0.8532092419626771,
    "no2_48_r2": 0.47197479009628296,
    "no2_72_mae": 0.5475022792816162,
    "no2_72_rmse": 0.9090392826875111,
    "no2_72_r2": 0.39016401767730713,
    "pm25_mae": 0.5271053115526835,
    "pm25_rmse": 0.8096645269058081,
    "pm25_r2": 0.4022190570831299,
    "no2_mae": 0.49377885460853577,
    "no2_rmse": 0.8355344208448742,
    "no2_r2": 0.48874545097351074,
    "overall_mae": 0.5104420830806096,
    "overall_rmse": 0.8225994738753412,
    "overall_r2": 0.4454822540283203
  },
  "linear_regression": {
    "pm25_24_mae": 0.4269106090068817,
    "pm25_24_rmse": 0.6430120191696622,
    "pm25_24_r2": 0.6281027793884277,
    "pm25_48_mae": 0.49168121814727783,
    "pm25_48_rmse": 0.7128726486656907,
    "pm25_48_r2": 0.5413044095039368,
    "pm25_72_mae": 0.5293704271316528,
    "pm25_72_rmse": 0.7559263608757563,
    "pm25_72_r2": 0.47792255878448486,
    "no2_24_mae": 0.43517419695854187,
    "no2_24_rmse": 0.6767011346244066,
    "no2_24_r2": 0.6727933883666992,
    "no2_48_mae": 0.5043126940727234,
    "no2_48_rmse": 0.7664982622852273,
    "no2_48_r2": 0.5738466382026672,
    "no2_72_mae": 0.5406848788261414,
    "no2_72_rmse": 0.8053878773179762,
    "no2_72_r2": 0.521306037902832,
    "pm25_mae": 0.48265408476193744,
    "pm25_rmse": 0.7039370095703698,
    "pm25_r2": 0.5491099158922831,
    "no2_mae": 0.49339058995246887,
    "no2_rmse": 0.7495290914092033,
    "no2_r2": 0.5893153548240662,
    "overall_mae": 0.48802233735720313,
    "overall_rmse": 0.7267330504897865,
    "overall_r2": 0.5692126353581746
  },
  "random_forest": {
    "pm25_24_mae": 0.45397911534922286,
    "pm25_24_rmse": 0.6727496614899153,
    "pm25_24_r2": 0.5929088338291206,
    "pm25_48_mae": 0.5110069301788612,
    "pm25_48_rmse": 0.7569343290903647,
    "pm25_48_r2": 0.48284938122990373,
    "pm25_72_mae": 0.5502901717590243,
    "pm25_72_rmse": 0.7959088253839862,
    "pm25_72_r2": 0.42123454182053643,
    "no2_24_mae": 0.47947318997084865,
    "no2_24_rmse": 0.7417953887187189,
    "no2_24_r2": 0.6068153209971354,
    "no2_48_mae": 0.5385426372028881,
    "no2_48_rmse": 0.8181596311986693,
    "no2_48_r2": 0.5144659815577138,
    "no2_72_mae": 0.5694379334204924,
    "no2_72_rmse": 0.8515778640453623,
    "no2_72_r2": 0.464824211820167,
    "pm25_mae": 0.5050920724290361,
    "pm25_rmse": 0.7418642719880887,
    "pm25_r2": 0.4989975856265203,
    "no2_mae": 0.5291512535314097,
    "no2_rmse": 0.8038442946542501,
    "no2_r2": 0.5287018381250054,
    "overall_mae": 0.5171216629802229,
    "overall_rmse": 0.7728542833211693,
    "overall_r2": 0.5138497118757628
  },
  "xgboost": {
    "pm25_24_mae": 0.4136304557323456,
    "pm25_24_rmse": 0.6340976663221976,
    "pm25_24_r2": 0.6383428573608398,
    "pm25_48_mae": 0.49570679664611816,
    "pm25_48_rmse": 0.7432850803086498,
    "pm25_48_r2": 0.5013319849967957,
    "pm25_72_mae": 0.5503432154655457,
    "pm25_72_rmse": 0.8176082906247624,
    "pm25_72_r2": 0.3892456889152527,
    "no2_24_mae": 0.4304194748401642,
    "no2_24_rmse": 0.7005211618604682,
    "no2_24_r2": 0.6493524312973022,
    "no2_48_mae": 0.5027716159820557,
    "no2_48_rmse": 0.7975135937192878,
    "no2_48_r2": 0.5386614203453064,
    "no2_72_mae": 0.586001455783844,
    "no2_72_rmse": 0.9053347010288479,
    "no2_72_r2": 0.3951243758201599,
    "pm25_mae": 0.4865601559480031,
    "pm25_rmse": 0.7316636790852032,
    "pm25_r2": 0.5096401770909628,
    "no2_mae": 0.5063975155353546,
    "no2_rmse": 0.801123152202868,
    "no2_r2": 0.5277127424875895,
    "overall_mae": 0.49647883574167884,
    "overall_rmse": 0.7663934156440356,
    "overall_r2": 0.5186764597892761
  }
}