{
  "train_losses": [
    0.49603009990162295,
    0.4066278875857509,
    0.3832749938265911,
    0.3691750018402597,
    0.3531821662250171,
    0.3401625991377184,
    0.33231160143716076,
    0.32272183808700433,
    0.3145682455001146,
    0.31027056209111986,
    0.3079630613440079,
    0.32992011508570007,
    0.3198961332980079,
    0.311798858199178,
    0.30779438441841095,
    0.3032831086115134,
    0.29872071627340074,
    0.2915829335881941,
    0.2878665561829179,
    0.282050203238282,
    0.2790355259675756
  ],
  "val_losses": [
    0.5008184937944417,
    0.5032062896266558,
    0.5180890366742555,
    0.5240047559159197,
    0.5183187540856532,
    0.5463088879756273,
    0.5363840610077181,
    0.5542815759346662,
    0.556401932594444,
    0.551400859236683,
    0.5499122882329672,
    0.5470616352693951,
    0.5389149802360298,
    0.5585064649310707,
    0.5707053788012713,
    0.554708217737001,
    0.5772622788555046,
    0.568957541210539,
    0.5810300593058063,
    0.6098469653017082,
    0.6042415987210138
  ],
  "test": {
    "pm25_24h_mae": 0.52384352684021,
    "pm25_24h_rmse": 0.764569820489064,
    "pm25_48h_mae": 0.5479218363761902,
    "pm25_48h_rmse": 0.8026191275999207,
    "pm25_72h_mae": 0.5641982555389404,
    "pm25_72h_rmse": 0.8171972431017791,
    "no2_24h_mae": 0.5355961918830872,
    "no2_24h_rmse": 0.8354899197534785,
    "no2_48h_mae": 0.5728684067726135,
    "no2_48h_rmse": 0.8932742486518885,
    "no2_72h_mae": 0.5974018573760986,
    "no2_72h_rmse": 0.9218782974442815,
    "pm25_avg_mae": 0.5453212062517802,
    "no2_avg_mae": 0.5686221520105997,
    "pm25_avg_rmse": 0.7947953970635879,
    "no2_avg_rmse": 0.8835474886165495,
    "overall_mae": 0.55697167913119,
    "overall_rmse": 0.8391714428400687
  }
}