{
  "train_losses": [
    0.2387161961576871,
    0.19542238408485804,
    0.18554619340766465,
    0.17900498635368464,
    0.1735517127875427,
    0.1690611581141076,
    0.16504483454396138,
    0.16173276322641605,
    0.1582336634297534,
    0.1558537211086711,
    0.1536293930547561,
    0.15137404403381235,
    0.14937382514103456,
    0.1478656783733662,
    0.14603574830001184,
    0.1445800306679587,
    0.14321123802483868,
    0.14201220480354532,
    0.14098848785073512,
    0.13970912745249925,
    0.13825738463214968,
    0.13728270216920258,
    0.1364407319781193,
    0.1354964436757425,
    0.13538399729766076,
    0.13438840318671819,
    0.1337847078489197,
    0.13312737473765127,
    0.13247243897646624,
    0.13207608550916225,
    0.13193128550556438,
    0.13069544031402278,
    0.13051119537545564,
    0.13019526125469605,
    0.1300615264409192,
    0.12958037646832893,
    0.12890894264988775,
    0.1285600682870161,
    0.12843324507799714,
    0.1278953913250028,
    0.12773198206553096,
    0.12696019426902802,
    0.1269717299201332,
    0.1267099031213016,
    0.12678065250624704,
    0.12634482996558594,
    0.12613052955701956,
    0.12597565446949618,
    0.12534289114393798,
    0.12548958237734836,
    0.12530095136824687,
    0.12511245876047464,
    0.12495533423624415
  ],
  "val_losses": [
    0.2251244309001663,
    0.2201578781175902,
    0.2186669713853558,
    0.21789571483063247,
    0.2185966244178041,
    0.21935517050915407,
    0.2237350236644277,
    0.21715016068479887,
    0.21929020568033322,
    0.21644214089659594,
    0.21639083173309662,
    0.21987415872050098,
    0.21517144127193194,
    0.21739714334003687,
    0.21754895272638053,
    0.21699906491152315,
    0.21812710383973502,
    0.21684792054724142,
    0.21692757060900353,
    0.2208936239821231,
    0.21689413417793935,
    0.21768416142284183,
    0.2187868676895998,
    0.21848786924587596,
    0.21829192140305997,
    0.21948792372566517,
    0.2200138651484589,
    0.21977462226501301,
    0.2201459527143272,
    0.22132422540150967,
    0.2208410558030383,
    0.22023055227850086,
    0.2216645155617858,
    0.22125038746133963,
    0.22119423145098885,
    0.22259608445871112,
    0.22403983544236022,
    0.2228360687766652,
    0.2209030776503236,
    0.22268692124662479,
    0.22305338200899943,
    0.22268478156339377,
    0.22300174708772647,
    0.22368311690750078,
    0.22394029824390396,
    0.2247283135180298,
    0.22359081765772637,
    0.22578181072097278,
    0.2250942589524294,
    0.22561683631709695,
    0.22594920089256634,
    0.2250410007966772,
    0.22431442665955223
  ],
  "test": {
    "pm25_24h_mae": 0.5153231620788574,
    "pm25_24h_rmse": 0.7683201665915492,
    "pm25_24h_r2": 0.4695342779159546,
    "pm25_48h_mae": 0.5526763796806335,
    "pm25_48h_rmse": 0.8256173222868495,
    "pm25_48h_r2": 0.38528066873550415,
    "pm25_72h_mae": 0.5868104696273804,
    "pm25_72h_rmse": 0.8681281203563355,
    "pm25_72h_r2": 0.3098766803741455,
    "no2_24h_mae": 0.5454500913619995,
    "no2_24h_rmse": 0.9066709330110122,
    "no2_24h_r2": 0.41112756729125977,
    "no2_48h_mae": 0.597131609916687,
    "no2_48h_rmse": 0.9750626605023779,
    "no2_48h_r2": 0.3066338896751404,
    "no2_72h_mae": 0.6226533055305481,
    "no2_72h_rmse": 1.023924442375883,
    "no2_72h_r2": 0.216070294380188,
    "pm25_24h_unscaled_mae": 31.654003143310547,
    "pm25_24h_unscaled_r2": 0.4696465730667114,
    "pm25_48h_unscaled_mae": 33.94817352294922,
    "pm25_48h_unscaled_r2": 0.385387659072876,
    "pm25_72h_unscaled_mae": 36.044734954833984,
    "pm25_72h_unscaled_r2": 0.310001015663147,
    "no2_24h_unscaled_mae": 12.753015518188477,
    "no2_24h_unscaled_r2": 0.41119492053985596,
    "no2_48h_unscaled_mae": 13.960753440856934,
    "no2_48h_unscaled_r2": 0.30674129724502563,
    "no2_72h_unscaled_mae": 14.557838439941406,
    "no2_72h_unscaled_r2": 0.21620339155197144,
    "pm25_avg_mae": 0.5516033371289571,
    "no2_avg_mae": 0.5884116689364115,
    "pm25_avg_rmse": 0.820688536411578,
    "no2_avg_rmse": 0.9685526786297577,
    "overall_mae": 0.5700075030326843,
    "overall_rmse": 0.8946206075206679
  }
}