{
  "pm25_24h_mae": 0.5153231620788574,
  "pm25_24h_rmse": 0.7683201665915492,
  "pm25_24h_r2": 0.4695342779159546,
  "pm25_48h_mae": 0.5526763796806335,
  "pm25_48h_rmse": 0.8256173222868495,
  "pm25_48h_r2": 0.38528066873550415,
  "pm25_72h_mae": 0.5868104696273804,
  "pm25_72h_rmse": 0.8681281203563355,
  "pm25_72h_r2": 0.3098766803741455,
  "no2_24h_mae": 0.5454500913619995,
  "no2_24h_rmse": 0.9066709330110122,
  "no2_24h_r2": 0.41112756729125977,
  "no2_48h_mae": 0.597131609916687,
  "no2_48h_rmse": 0.9750626605023779,
  "no2_48h_r2": 0.3066338896751404,
  "no2_72h_mae": 0.6226533055305481,
  "no2_72h_rmse": 1.023924442375883,
  "no2_72h_r2": 0.216070294380188,
  "pm25_24h_unscaled_mae": 31.654003143310547,
  "pm25_24h_unscaled_r2": 0.4696465730667114,
  "pm25_48h_unscaled_mae": 33.94817352294922,
  "pm25_48h_unscaled_r2": 0.385387659072876,
  "pm25_72h_unscaled_mae": 36.044734954833984,
  "pm25_72h_unscaled_r2": 0.310001015663147,
  "no2_24h_unscaled_mae": 12.753015518188477,
  "no2_24h_unscaled_r2": 0.41119492053985596,
  "no2_48h_unscaled_mae": 13.960753440856934,
  "no2_48h_unscaled_r2": 0.30674129724502563,
  "no2_72h_unscaled_mae": 14.557838439941406,
  "no2_72h_unscaled_r2": 0.21620339155197144,
  "pm25_avg_mae": 0.5516033371289571,
  "no2_avg_mae": 0.5884116689364115,
  "pm25_avg_rmse": 0.820688536411578,
  "no2_avg_rmse": 0.9685526786297577,
  "overall_mae": 0.5700075030326843,
  "overall_rmse": 0.8946206075206679
}