{
  "pm25_24h": {
    "MAE": 20.305028915405273,
    "RMSE": 29.47334861755371,
    "R2": 0.5017457008361816,
    "MAPE": 29.22748374938965
  },
  "pm25_48h": {
    "MAE": 21.34231948852539,
    "RMSE": 31.273452758789062,
    "R2": 0.4311578869819641,
    "MAPE": 30.822795867919922
  },
  "pm25_72h": {
    "MAE": 21.99631690979004,
    "RMSE": 31.993961334228516,
    "R2": 0.40212535858154297,
    "MAPE": 32.1737060546875
  },
  "no2_24h": {
    "MAE": 12.853448867797852,
    "RMSE": 18.66367530822754,
    "R2": 0.5122175812721252,
    "MAPE": 29.170629501342773
  },
  "no2_48h": {
    "MAE": 13.452672958374023,
    "RMSE": 19.73944664001465,
    "R2": 0.4467141032218933,
    "MAPE": 30.49408531188965
  },
  "no2_72h": {
    "MAE": 14.26559829711914,
    "RMSE": 21.040103912353516,
    "R2": 0.3834218382835388,
    "MAPE": 32.95796585083008
  }
}